﻿designator,quantity,value,pack,mpn,mount_type
"C1, C4, C6, C7",4,.1uF,CAP_1206_3216Metric_Pad1.33x1.80mm CL,,smt
"C2, C3, C5",3,.01uF,CAP_1206_3216Metric_Pad1.33x1.80mm CL,,smt
C8,1,10uF,CAP_Radial_D7.5mm_P2.50mm THT CL,,tht
"D1, D10, D2, D3, D4, D5, D6, D7, D8, D9",10,4148,DIODE_1206_SMD CL,,smt
J1,1,CV,JST_EH_B3B-EH-A_1x03_P2.50mm_Vertical,,tht
J10,1,DRILL-FP1,2.5mm mounting hole,,tht
J11,1,DRILL-FP2,2.5mm mounting hole,,tht
J2,1,CUTOFF,JST_EH_B3B-EH-A_1x03_P2.50mm_Vertical,,tht
J3,1,MODE-SW,JST_EH_B3B-EH-A_1x03_P2.50mm_Vertical,,tht
J4,1,OUTPUT,JST_EH_B3B-EH-A_1x03_P2.50mm_Vertical,,tht
J5,1,v+,Wirepad-Chamfered4,,tht
"J6, J7",2,GND,Wirepad-Chamfered4,,tht
J8,1,v-,Wirepad-Chamfered4,,tht
J9,1,"""Q""",JST_EH_B3B-EH-A_1x03_P2.50mm_Vertical,,tht
Q1,1,2N3906,TO-92L_Inline_Wide THT CL,,tht
"R1, R18, R2, R3, R4, R9",6,10K,R_1206_3216Metric_Pad1.30x1.75mm_SMD CL,,smt
"R10, R15",2,47ohm,R_1206_3216Metric_Pad1.30x1.75mm_SMD CL,,smt
"R13, R14, R16, R5, R6",5,100K,R_1206_3216Metric_Pad1.30x1.75mm_SMD CL,,smt
R17,1,470ohm,R_1206_3216Metric_Pad1.30x1.75mm_SMD CL,,smt
R19,1,2.2K,R_1206_3216Metric_Pad1.30x1.75mm_SMD CL,,smt
R7,1,4.7K,R_1206_3216Metric_Pad1.30x1.75mm_SMD CL,,smt
R8,1,22K,R_1206_3216Metric_Pad1.30x1.75mm_SMD CL,,smt
SV1,1,~,Euro Power 10 Pin THT,,tht
U1,1,TL071,IC SOIC-8 WIDE HS CL,,smt
