﻿pos_x,pos_y,rotation,side,designator,mpn,pack,value,mount_type,place
130.5685,-50.292,0.0,top,C1,,CAP_1206_3216Metric_Pad1.33x1.80mm CL,.1uF,smt,True
143.51,-63.754,180.0,top,C2,,CAP_1206_3216Metric_Pad1.33x1.80mm CL,.01uF,smt,True
136.88,-63.754,0.0,top,C3,,CAP_1206_3216Metric_Pad1.33x1.80mm CL,.01uF,smt,True
164.7835,-94.742,0.0,top,C4,,CAP_1206_3216Metric_Pad1.33x1.80mm CL,.1uF,smt,True
156.4015,-94.488,180.0,top,C5,,CAP_1206_3216Metric_Pad1.33x1.80mm CL,.01uF,smt,True
164.338,-101.6,0.0,top,C6,,CAP_1206_3216Metric_Pad1.33x1.80mm CL,.1uF,smt,True
185.3575,-93.726,0.0,top,C7,,CAP_1206_3216Metric_Pad1.33x1.80mm CL,.1uF,smt,True
176.2135,-105.41,180.0,top,C8,,CAP_Radial_D7.5mm_P2.50mm THT CL,10uF,tht,True
130.556,-63.754,0.0,top,D1,,DIODE_1206_SMD CL,4148,smt,True
171.704,-77.724,0.0,top,D10,,DIODE_1206_SMD CL,4148,smt,True
130.5665,-70.612,0.0,top,D2,,DIODE_1206_SMD CL,4148,smt,True
130.022,-57.404,0.0,top,D3,,DIODE_1206_SMD CL,4148,smt,True
139.674,-70.612,0.0,top,D4,,DIODE_1206_SMD CL,4148,smt,True
171.6415,-85.344,180.0,top,D5,,DIODE_1206_SMD CL,4148,smt,True
178.2455,-85.344,180.0,top,D6,,DIODE_1206_SMD CL,4148,smt,True
185.3575,-85.344,180.0,top,D7,,DIODE_1206_SMD CL,4148,smt,True
185.42,-77.978,0.0,top,D8,,DIODE_1206_SMD CL,4148,smt,True
178.308,-77.724,0.0,top,D9,,DIODE_1206_SMD CL,4148,smt,True
148.096,-41.102,0.0,top,J1,,JST_EH_B3B-EH-A_1x03_P2.50mm_Vertical,CV,tht,True
129.54,-109.474,0.0,top,J10,,2.5mm mounting hole,DRILL-FP1,tht,True
186.944,-109.474,0.0,top,J11,,2.5mm mounting hole,DRILL-FP2,tht,True
130.57,-41.102,0.0,top,J2,,JST_EH_B3B-EH-A_1x03_P2.50mm_Vertical,CUTOFF,tht,True
180.354,-41.356,0.0,top,J3,,JST_EH_B3B-EH-A_1x03_P2.50mm_Vertical,MODE-SW,tht,True
164.098,-41.356,0.0,top,J4,,JST_EH_B3B-EH-A_1x03_P2.50mm_Vertical,OUTPUT,tht,True
130.302,-99.822,90.0,top,J5,,Wirepad-Chamfered4,v+,tht,True
130.302,-90.17,90.0,top,J6,,Wirepad-Chamfered4,GND,tht,True
130.276,-94.996,90.0,top,J7,,Wirepad-Chamfered4,GND,tht,True
130.53,-85.09,90.0,top,J8,,Wirepad-Chamfered4,v-,tht,True
166.116,-67.564,0.0,top,J9,,JST_EH_B3B-EH-A_1x03_P2.50mm_Vertical,"""Q""",tht,True
153.924,-76.454,0.0,top,Q1,,TO-92L_Inline_Wide THT CL,2N3906,tht,True
150.342,-50.8,0.0,top,R1,,R_1206_3216Metric_Pad1.30x1.75mm_SMD CL,10K,smt,True
130.81,-76.454,0.0,top,R10,,R_1206_3216Metric_Pad1.30x1.75mm_SMD CL,47ohm,smt,True
178.2455,-71.374,180.0,top,R13,,R_1206_3216Metric_Pad1.30x1.75mm_SMD CL,100K,smt,True
136.626,-57.404,0.0,top,R14,,R_1206_3216Metric_Pad1.30x1.75mm_SMD CL,100K,smt,True
163.296,-50.8,180.0,top,R15,,R_1206_3216Metric_Pad1.30x1.75mm_SMD CL,47ohm,smt,True
181.102,-51.308,0.0,top,R16,,R_1206_3216Metric_Pad1.30x1.75mm_SMD CL,100K,smt,True
180.34,-57.404,180.0,top,R17,,R_1206_3216Metric_Pad1.30x1.75mm_SMD CL,470ohm,smt,True
186.9075,-102.362,0.0,top,R18,,R_1206_3216Metric_Pad1.30x1.75mm_SMD CL,10K,smt,True
146.786,-70.866,0.0,top,R19,,R_1206_3216Metric_Pad1.30x1.75mm_SMD CL,2.2K,smt,True
156.184,-50.8,180.0,top,R2,,R_1206_3216Metric_Pad1.30x1.75mm_SMD CL,10K,smt,True
142.976,-57.404,0.0,top,R3,,R_1206_3216Metric_Pad1.30x1.75mm_SMD CL,10K,smt,True
172.974,-51.054,0.0,top,R4,,R_1206_3216Metric_Pad1.30x1.75mm_SMD CL,10K,smt,True
149.86,-63.754,0.0,top,R5,,R_1206_3216Metric_Pad1.30x1.75mm_SMD CL,100K,smt,True
149.326,-57.404,0.0,top,R6,,R_1206_3216Metric_Pad1.30x1.75mm_SMD CL,100K,smt,True
156.184,-57.15,0.0,top,R7,,R_1206_3216Metric_Pad1.30x1.75mm_SMD CL,4.7K,smt,True
163.55,-57.404,0.0,top,R8,,R_1206_3216Metric_Pad1.30x1.75mm_SMD CL,22K,smt,True
142.976,-50.8,0.0,top,R9,,R_1206_3216Metric_Pad1.30x1.75mm_SMD CL,10K,smt,True
142.24,-86.2315,0.0,top,SV1,,Euro Power 10 Pin THT,~,tht,True
176.2135,-94.234,0.0,top,U1,,IC SOIC-8 WIDE HS CL,TL071,smt,True
