﻿pos_x,pos_y,rotation,side,designator,mpn,pack,value,mount_type,place
116.95851,-101.274228,0.0,top,J1,,35RAPCVAV-sqpad2,J1,tht,True
125.984,-84.582,0.0,top,J10,,Wirepad-Chamfered4,J1-SW,tht,True
140.716,-84.582,0.0,top,J11,,Wirepad-Chamfered4,J2-SW,tht,True
157.48,-84.582,0.0,top,J12,,Wirepad-Chamfered4,J3-SW,tht,True
171.196,-84.582,0.0,top,J13,,Wirepad-Chamfered4,J4-SW,tht,True
145.542,-88.392,0.0,top,J14,,Wirepad-Chamfered4,GND,tht,True
161.036,-88.646,0.0,top,J15,,Wirepad-Chamfered4,GND,tht,True
132.076,-101.22425,0.0,top,J2,,35RAPCVAV-sqpad2,J2,tht,True
147.351989,-101.303183,0.0,top,J3,,35RAPCVAV-sqpad2,J3,tht,True
162.703876,-101.303183,0.0,top,J4,,35RAPCVAV-sqpad2,J4,tht,True
120.142,-84.582,0.0,top,J5,,Wirepad-Chamfered4,J1-pin2,tht,True
134.112,-84.582,0.0,top,J6,,Wirepad-Chamfered4,J2-pin2,tht,True
149.606,-84.582,0.0,top,J7,,Wirepad-Chamfered4,J3-pin2,tht,True
163.83,-84.582,0.0,top,J8,,Wirepad-Chamfered4,J4-pin2,tht,True
129.794,-88.392,0.0,top,J9,,Wirepad-Chamfered4,GND,tht,True
