﻿designator,quantity,value,pack,mpn,mount_type
J1,1,J1,35RAPCVAV-sqpad2,,tht
J10,1,J1-SW,Wirepad-Chamfered4,,tht
J11,1,J2-SW,Wirepad-Chamfered4,,tht
J12,1,J3-SW,Wirepad-Chamfered4,,tht
J13,1,J4-SW,Wirepad-Chamfered4,,tht
"J14, J15, J9",3,GND,Wirepad-Chamfered4,,tht
J2,1,J2,35RAPCVAV-sqpad2,,tht
J3,1,J3,35RAPCVAV-sqpad2,,tht
J4,1,J4,35RAPCVAV-sqpad2,,tht
J5,1,J1-pin2,Wirepad-Chamfered4,,tht
J6,1,J2-pin2,Wirepad-Chamfered4,,tht
J7,1,J3-pin2,Wirepad-Chamfered4,,tht
J8,1,J4-pin2,Wirepad-Chamfered4,,tht
